<<<<<<< HEAD
version https://git-lfs.github.com/spec/v1
oid sha256:bccc66b5f4803255cc732ea986daad795c8729b916eccec8aa74181306bf6ef7
size 41097
=======
DATE,PRICE
2016-01-01,405.0
2016-01-02,405.0
2016-01-03,405.0
2016-01-04,405.0
2016-01-05,403.3333333333333
2016-01-06,403.3333333333333
2016-01-07,403.3333333333333
2016-01-08,403.3333333333333
2016-01-09,405.0
2016-01-10,405.0
2016-01-11,400.0
2016-01-12,396.6666666666667
2016-01-13,395.0
2016-01-14,394.0
2016-01-15,390.0
2016-01-16,390.0
2016-01-17,390.0
2016-01-18,386.25
2016-01-19,382.5
2016-01-20,380.0
2016-01-21,376.6666666666667
2016-01-22,380.0
2016-01-23,382.0
2016-01-24,382.0
2016-01-25,382.0
2016-01-26,383.75
2016-01-27,383.75
2016-01-28,383.75
2016-01-29,377.5
2016-01-30,370.0
2016-01-31,370.0
2016-02-01,366.25
2016-02-02,363.0
2016-02-03,357.0
2016-02-04,355.8333333333333
2016-02-05,355.0
2016-02-06,355.0
2016-02-07,355.0
2016-02-08,355.0
2016-02-09,355.8333333333333
2016-02-10,356.6666666666667
2016-02-11,356.6666666666667
2016-02-12,356.0
2016-02-13,355.0
2016-02-14,355.0
2016-02-15,353.3333333333333
2016-02-16,355.0
2016-02-17,356.6666666666667
2016-02-18,360.0
2016-02-19,357.5
2016-02-20,356.0
2016-02-21,356.0
2016-02-22,355.8333333333333
2016-02-23,359.1666666666667
2016-02-24,369.1666666666667
2016-02-25,385.8333333333333
2016-02-26,393.0
2016-02-27,423.0
2016-02-28,423.0
2016-02-29,440.0
2016-03-01,472.5
2016-03-02,490.0
2016-03-03,516.6666666666666
2016-03-04,525.0
2016-03-05,533.3333333333334
2016-03-06,533.3333333333334
2016-03-07,533.3333333333334
2016-03-08,570.0
2016-03-09,582.5
2016-03-10,605.0
2016-03-11,625.0
2016-03-12,625.0
2016-03-13,625.0
2016-03-14,628.0
2016-03-15,630.0
2016-03-16,640.0
2016-03-17,643.3333333333334
2016-03-18,660.0
2016-03-19,665.0
2016-03-20,665.0
2016-03-21,672.5
2016-03-22,672.5
2016-03-23,676.6666666666666
2016-03-24,676.6666666666666
2016-03-25,675.0
2016-03-26,675.0
2016-03-27,675.0
2016-03-28,675.0
2016-03-29,675.0
2016-03-30,675.0
2016-03-31,675.0
2016-04-01,675.0
2016-04-02,675.0
2016-04-03,675.0
2016-04-04,680.0
2016-04-05,682.5
2016-04-06,684.0
2016-04-07,685.0
2016-04-08,687.0
2016-04-09,697.0
2016-04-10,697.0
2016-04-11,720.0
2016-04-12,744.0
2016-04-13,762.0
2016-04-14,780.0
2016-04-15,780.0
2016-04-16,796.6666666666666
2016-04-17,796.6666666666666
2016-04-18,788.3333333333334
2016-04-19,776.6666666666666
2016-04-20,771.6666666666666
2016-04-21,768.75
2016-04-22,767.0
2016-04-23,767.0
2016-04-24,767.0
2016-04-25,756.0
2016-04-26,745.0
2016-04-27,738.0
2016-04-28,736.0
2016-04-29,734.0
2016-04-30,734.0
2016-05-01,734.0
2016-05-02,737.5
2016-05-03,747.5
2016-05-04,757.5
2016-05-05,765.0
2016-05-06,773.75
2016-05-07,776.0
2016-05-08,776.0
2016-05-09,776.0
2016-05-10,780.0
2016-05-11,782.0
2016-05-12,783.0
2016-05-13,793.0
2016-05-14,795.0
2016-05-15,795.0
2016-05-16,812.0
2016-05-17,836.0
2016-05-18,860.0
2016-05-19,885.0
2016-05-20,901.0
2016-05-21,901.0
2016-05-22,901.0
2016-05-23,910.0
2016-05-24,916.0
2016-05-25,923.0
2016-05-26,929.0
2016-05-27,932.0
2016-05-28,931.6666666666666
2016-05-29,931.6666666666666
2016-05-30,939.1666666666666
2016-05-31,941.0
2016-06-01,950.0
2016-06-02,961.0
2016-06-03,973.0
2016-06-04,986.0
2016-06-05,986.0
2016-06-06,992.0
2016-06-07,996.6666666666666
2016-06-08,1008.3333333333334
2016-06-09,1019.1666666666666
2016-06-10,1033.3333333333333
2016-06-11,1041.0
2016-06-12,1041.0
2016-06-13,1057.0
2016-06-14,1070.0
2016-06-15,1075.0
2016-06-16,1082.5
2016-06-17,1101.25
2016-06-18,1113.0
2016-06-19,1113.0
2016-06-20,1133.0
2016-06-21,1154.0
2016-06-22,1161.6666666666667
2016-06-23,1180.0
2016-06-24,1190.0
2016-06-25,1199.1666666666667
2016-06-26,1199.1666666666667
2016-06-27,1205.8333333333333
2016-06-28,1212.5
2016-06-29,1217.5
2016-06-30,1221.0
2016-07-01,1223.75
2016-07-02,1232.5
2016-07-03,1232.5
2016-07-04,1242.5
2016-07-05,1246.6666666666667
2016-07-06,1260.0
2016-07-07,1260.0
2016-07-08,1267.5
2016-07-09,1273.3333333333333
2016-07-10,1273.3333333333333
2016-07-11,1290.0
2016-07-12,1296.25
2016-07-13,1308.75
2016-07-14,1307.0
2016-07-15,1311.25
2016-07-16,1309.0
2016-07-17,1309.0
2016-07-18,1309.0
2016-07-19,1308.0
2016-07-20,1306.0
2016-07-21,1306.0
2016-07-22,1307.5
2016-07-23,1307.5
2016-07-24,1307.5
2016-07-25,1305.8333333333333
2016-07-26,1305.8333333333333
2016-07-27,1305.8333333333333
2016-07-28,1307.5
2016-07-29,1307.5
2016-07-30,1320.8333333333333
2016-07-31,1320.8333333333333
2016-08-01,1322.5
2016-08-02,1320.8333333333333
2016-08-03,1319.1666666666667
2016-08-04,1317.5
2016-08-05,1320.0
2016-08-06,1313.3333333333333
2016-08-07,1313.3333333333333
2016-08-08,1316.6666666666667
2016-08-09,1322.5
2016-08-10,1329.1666666666667
2016-08-11,1334.1666666666667
2016-08-12,1333.3333333333333
2016-08-13,1332.0
2016-08-14,1332.0
2016-08-15,1332.5
2016-08-16,1328.75
2016-08-17,1318.75
2016-08-18,1315.0
2016-08-19,1303.3333333333333
2016-08-20,1300.0
2016-08-21,1300.0
2016-08-22,1302.0
2016-08-23,1301.0
2016-08-24,1301.25
2016-08-25,1301.25
2016-08-26,1306.25
2016-08-27,1312.5
2016-08-28,1312.5
2016-08-29,1290.0
2016-08-30,1266.25
2016-08-31,1266.25
2016-09-01,1255.0
2016-09-02,1241.25
2016-09-03,1212.5
2016-09-04,1212.5
2016-09-05,1212.5
2016-09-06,1215.0
2016-09-07,1216.0
2016-09-08,1216.0
2016-09-09,1215.0
2016-09-10,1218.0
2016-09-11,1218.0
2016-09-12,1214.0
2016-09-13,1208.0
2016-09-14,1206.0
2016-09-15,1205.0
2016-09-16,1192.5
2016-09-17,1192.5
2016-09-18,1192.5
2016-09-19,1180.0
2016-09-20,1167.5
2016-09-21,1150.0
2016-09-22,1148.0
2016-09-23,1142.0
2016-09-24,1141.6666666666667
2016-09-25,1141.6666666666667
2016-09-26,1136.6666666666667
2016-09-27,1134.1666666666667
2016-09-28,1134.1666666666667
2016-09-29,1135.8333333333333
2016-09-30,1137.0
2016-10-01,1136.25
2016-10-02,1136.25
2016-10-03,1141.25
2016-10-04,1142.5
2016-10-05,1145.0
2016-10-06,1147.5
2016-10-07,1148.0
2016-10-08,1148.0
2016-10-09,1148.0
2016-10-10,1152.0
2016-10-11,1154.0
2016-10-12,1154.0
2016-10-13,1148.0
2016-10-14,1142.0
2016-10-15,1142.0
2016-10-16,1138.3333333333333
2016-10-17,1132.5
2016-10-18,1129.1666666666667
2016-10-19,1126.6666666666667
2016-10-20,1126.6666666666667
2016-10-21,1126.6666666666667
2016-10-22,1127.142857142857
2016-10-23,1128.3333333333333
2016-10-24,1130.8333333333333
2016-10-25,1134.1666666666667
2016-10-26,970.0
2016-10-27,965.0
2016-10-28,958.3333333333334
2016-10-29,950.8333333333334
2016-10-30,950.8333333333334
2016-10-31,913.0
2016-11-01,853.75
2016-11-02,1088.75
2016-11-03,1086.25
2016-11-04,1088.3333333333333
2016-11-05,1091.6666666666667
2016-11-06,1091.6666666666667
2016-11-07,1098.75
2016-11-08,1104.0
2016-11-09,1110.0
2016-11-10,1116.0
2016-11-11,1118.3333333333333
2016-11-12,1123.0
2016-11-13,1123.0
2016-11-14,1121.0
2016-11-15,1116.0
2016-11-16,1113.0
2016-11-17,1107.0
2016-11-18,1097.0
2016-11-19,1095.0
2016-11-20,1092.857142857143
2016-11-21,1088.5714285714287
2016-11-22,1081.4285714285713
2016-11-23,1072.142857142857
2016-11-24,1062.142857142857
2016-11-25,1055.0
2016-11-26,1047.142857142857
2016-11-27,1041.6666666666667
2016-11-28,1006.6666666666666
2016-11-29,965.0
2016-11-30,950.0
2016-12-01,886.0
2016-12-02,804.0
2016-12-03,723.0
2016-12-04,723.0
2016-12-05,673.0
2016-12-06,637.0
2016-12-07,632.5
2016-12-08,619.1666666666666
2016-12-09,617.5
2016-12-10,616.0
2016-12-11,616.0
2016-12-12,612.0
2016-12-13,608.0
2016-12-14,606.0
2016-12-15,602.5
2016-12-16,600.0
2016-12-17,580.0
2016-12-18,580.0
2016-12-19,550.0
2016-12-20,518.0
2016-12-21,486.0
2016-12-22,476.6666666666667
2016-12-23,452.0
2016-12-24,432.0
2016-12-25,432.0
2016-12-26,414.0
2016-12-27,398.0
2016-12-28,381.0
2016-12-29,367.0
2016-12-30,367.0
2016-12-31,358.75
2017-01-01,358.75
2017-01-02,353.75
2017-01-03,348.75
2017-01-04,346.25
2017-01-05,341.25
2017-01-06,342.0
2017-01-07,342.5
2017-01-08,342.5
2017-01-09,342.5
2017-01-10,343.3333333333333
2017-01-11,342.5
2017-01-12,343.3333333333333
2017-01-13,342.5
2017-01-14,342.0
2017-01-15,342.0
2017-01-16,344.0
2017-01-17,347.0
2017-01-18,353.0
2017-01-19,360.0
2017-01-20,365.0
2017-01-21,369.0
2017-01-22,369.0
2017-01-23,377.0
2017-01-24,383.0
2017-01-25,388.0
2017-01-26,390.0
2017-01-27,395.0
2017-01-28,403.0
2017-01-29,403.0
2017-01-30,411.0
2017-01-31,416.25
2017-02-01,425.0
2017-02-02,427.0
2017-02-03,431.0
2017-02-04,432.0
2017-02-05,432.0
2017-02-06,433.0
2017-02-07,433.0
2017-02-08,433.0
2017-02-09,433.0
2017-02-10,434.0
2017-02-11,433.0
2017-02-12,431.6666666666667
2017-02-13,430.8333333333333
2017-02-14,431.42857142857144
2017-02-15,431.6666666666667
2017-02-16,432.5
2017-02-17,433.3333333333333
2017-02-18,437.5
2017-02-19,440.0
2017-02-20,442.0
2017-02-21,444.0
2017-02-22,444.1666666666667
2017-02-23,444.1666666666667
2017-02-24,444.0
2017-02-25,444.0
2017-02-26,444.0
2017-02-27,443.0
2017-02-28,442.5
2017-03-01,441.25
2017-03-02,438.75
2017-03-03,436.0
2017-03-04,431.0
2017-03-05,431.0
2017-03-06,430.0
2017-03-07,425.0
2017-03-08,420.0
2017-03-09,417.5
2017-03-10,415.8333333333333
2017-03-11,414.0
2017-03-12,414.0
2017-03-13,410.0
2017-03-14,402.5
2017-03-15,400.0
2017-03-16,388.3333333333333
2017-03-17,378.3333333333333
2017-03-18,380.0
2017-03-19,380.0
2017-03-20,368.0
2017-03-21,368.0
2017-03-22,366.6666666666667
2017-03-23,364.1666666666667
2017-03-24,360.0
2017-03-25,355.8333333333333
2017-03-26,355.8333333333333
2017-03-27,361.6666666666667
2017-03-28,360.0
2017-03-29,360.0
2017-03-30,359.0
2017-03-31,358.75
2017-04-01,356.25
2017-04-02,353.0
2017-04-03,346.0
2017-04-04,342.5
2017-04-05,344.0
2017-04-06,344.0
2017-04-07,345.0
2017-04-08,344.0
2017-04-09,345.0
2017-04-10,355.0
2017-04-11,356.0
2017-04-12,362.0
2017-04-13,367.0
2017-04-14,375.0
2017-04-15,375.8333333333333
2017-04-16,375.8333333333333
2017-04-17,379.0
2017-04-18,381.0
2017-04-19,384.0
2017-04-20,389.0
2017-04-21,394.0
2017-04-22,400.0
2017-04-23,400.0
2017-04-24,400.0
2017-04-25,406.6666666666667
2017-04-26,407.5
2017-04-27,410.0
2017-04-28,410.0
2017-04-29,411.6666666666667
2017-04-30,411.6666666666667
2017-05-01,414.1666666666667
2017-05-02,415.8333333333333
2017-05-03,418.3333333333333
2017-05-04,418.3333333333333
2017-05-05,420.8333333333333
2017-05-06,421.6666666666667
2017-05-07,421.6666666666667
2017-05-08,419.1666666666667
2017-05-09,417.5
2017-05-10,418.0
2017-05-11,413.0
2017-05-12,408.75
2017-05-13,403.3333333333333
2017-05-14,403.3333333333333
2017-05-15,405.0
2017-05-16,417.5
2017-05-17,425.0
2017-05-18,436.6666666666667
2017-05-19,437.5
2017-05-20,439.0
2017-05-21,439.0
2017-05-22,442.5
2017-05-23,445.8333333333333
2017-05-24,445.8333333333333
2017-05-25,445.8333333333333
2017-05-26,444.1666666666667
2017-05-27,442.5
2017-05-28,442.5
2017-05-29,437.5
2017-05-30,434.1666666666667
2017-05-31,433.0
2017-06-01,432.0
2017-06-02,433.0
2017-06-03,433.0
2017-06-04,433.0
2017-06-05,431.0
2017-06-06,426.0
2017-06-07,418.3333333333333
2017-06-08,411.6666666666667
2017-06-09,405.0
2017-06-10,399.0
2017-06-11,399.0
2017-06-12,393.0
2017-06-13,393.0
2017-06-14,404.0
2017-06-15,407.5
2017-06-16,416.25
2017-06-17,419.0
2017-06-18,419.0
2017-06-19,428.0
2017-06-20,434.0
2017-06-21,434.0
2017-06-22,435.0
2017-06-23,435.8333333333333
2017-06-24,436.6666666666667
2017-06-25,436.6666666666667
2017-06-26,437.0
2017-06-27,437.0
2017-06-28,439.0
2017-06-29,441.0
2017-06-30,442.5
2017-07-01,448.75
2017-07-02,448.75
2017-07-03,451.0
2017-07-04,460.0
2017-07-05,470.0
2017-07-06,482.0
2017-07-07,485.0
2017-07-08,490.0
2017-07-09,490.0
2017-07-10,498.0
2017-07-11,503.0
2017-07-12,511.0
2017-07-13,517.0
2017-07-14,524.0
2017-07-15,524.0
2017-07-16,524.0
2017-07-17,532.0
2017-07-18,540.0
2017-07-19,543.0
2017-07-20,544.0
2017-07-21,547.0
2017-07-22,547.5
2017-07-23,547.5
2017-07-24,543.3333333333334
2017-07-25,546.6666666666666
2017-07-26,551.6666666666666
2017-07-27,556.6666666666666
2017-07-28,560.0
2017-07-29,563.3333333333334
2017-07-30,564.2857142857143
2017-07-31,572.5
2017-08-01,570.8333333333334
2017-08-02,570.8333333333334
2017-08-03,571.6666666666666
2017-08-04,574.1666666666666
2017-08-05,577.5
2017-08-06,579.1666666666666
2017-08-07,577.8571428571429
2017-08-08,580.0
2017-08-09,581.4285714285714
2017-08-10,581.4285714285714
2017-08-11,581.4285714285714
2017-08-12,580.7142857142857
2017-08-13,581.4285714285714
2017-08-14,583.5714285714286
2017-08-15,585.0
2017-08-16,583.3333333333334
2017-08-17,582.5
2017-08-18,581.6666666666666
2017-08-19,580.8333333333334
2017-08-20,580.0
2017-08-21,578.3333333333334
2017-08-22,578.5714285714286
2017-08-23,580.0
2017-08-24,582.8571428571429
2017-08-25,582.8571428571429
2017-08-26,582.8571428571429
2017-08-27,582.8571428571429
2017-08-28,584.2857142857143
2017-08-29,585.7142857142857
2017-08-30,585.7142857142857
2017-08-31,584.1666666666666
2017-09-01,586.6666666666666
2017-09-02,588.3333333333334
2017-09-03,590.0
2017-09-04,592.5
2017-09-05,595.0
2017-09-06,598.3333333333334
2017-09-07,600.7142857142857
2017-09-08,604.2857142857143
2017-09-09,608.5714285714286
2017-09-10,613.5714285714286
2017-09-11,617.1428571428571
2017-09-12,619.2857142857143
2017-09-13,620.7142857142857
2017-09-14,618.5714285714286
2017-09-15,618.3333333333334
2017-09-16,615.0
2017-09-17,609.1666666666666
2017-09-18,604.1666666666666
2017-09-19,596.6666666666666
2017-09-20,588.3333333333334
2017-09-21,583.3333333333334
2017-09-22,582.1428571428571
2017-09-23,578.5714285714286
2017-09-24,577.1428571428571
2017-09-25,575.7142857142857
2017-09-26,575.7142857142857
2017-09-27,575.0
2017-09-28,573.5714285714286
2017-09-29,570.0
2017-09-30,569.1666666666666
2017-10-01,565.8333333333334
2017-10-02,561.6666666666666
2017-10-03,558.3333333333334
2017-10-04,557.5
2017-10-05,557.5
2017-10-06,560.0
2017-10-07,561.4285714285714
2017-10-08,560.0
2017-10-09,560.0
2017-10-10,561.4285714285714
2017-10-11,561.4285714285714
2017-10-12,560.7142857142857
2017-10-13,558.5714285714286
2017-10-14,557.1428571428571
2017-10-15,558.3333333333334
2017-10-16,556.6666666666666
2017-10-17,553.3333333333334
2017-10-18,551.6666666666666
2017-10-19,551.0
2017-10-20,551.25
2017-10-21,550.0
2017-10-22,552.0
2017-10-23,555.0
2017-10-24,558.0
2017-10-25,558.0
2017-10-26,556.6666666666666
2017-10-27,556.4285714285714
2017-10-28,556.4285714285714
2017-10-29,555.0
2017-10-30,554.2857142857143
2017-10-31,553.3333333333334
2017-11-01,553.3333333333334
2017-11-02,553.3333333333334
2017-11-03,552.5
2017-11-04,551.6666666666666
2017-11-05,550.0
2017-11-06,549.1666666666666
2017-11-07,549.2857142857143
2017-11-08,548.5714285714286
2017-11-09,547.1428571428571
2017-11-10,545.0
2017-11-11,537.8571428571429
2017-11-12,529.2857142857143
2017-11-13,514.2857142857143
2017-11-14,507.14285714285717
2017-11-15,500.8333333333333
2017-11-16,492.5
2017-11-17,488.3333333333333
2017-11-18,490.0
2017-11-19,497.5
2017-11-20,510.0
2017-11-21,512.5
2017-11-22,513.5714285714286
2017-11-23,517.8571428571429
2017-11-24,517.8571428571429
2017-11-25,518.5714285714286
2017-11-26,517.8571428571429
2017-11-27,516.4285714285714
2017-11-28,513.5714285714286
2017-11-29,512.5
2017-11-30,505.8333333333333
2017-12-01,503.3333333333333
2017-12-02,499.1666666666667
2017-12-03,494.1666666666667
2017-12-04,489.1666666666667
2017-12-05,489.1666666666667
2017-12-06,489.2857142857143
2017-12-07,493.57142857142856
2017-12-08,494.2857142857143
2017-12-09,497.14285714285717
2017-12-10,500.0
2017-12-11,502.85714285714283
2017-12-12,503.57142857142856
2017-12-13,506.42857142857144
2017-12-14,507.14285714285717
2017-12-15,508.3333333333333
2017-12-16,508.3333333333333
2017-12-17,506.6666666666667
2017-12-18,505.8333333333333
2017-12-19,504.1666666666667
2017-12-20,499.1666666666667
2017-12-21,489.1666666666667
2017-12-22,483.57142857142856
2017-12-23,475.0
2017-12-24,468.57142857142856
2017-12-25,461.42857142857144
2017-12-26,457.14285714285717
2017-12-27,451.42857142857144
2017-12-28,445.0
2017-12-29,439.2857142857143
2017-12-30,434.2857142857143
2017-12-31,430.8333333333333
2018-01-01,424.1666666666667
2018-01-02,416.6666666666667
2018-01-03,411.6666666666667
2018-01-04,413.3333333333333
2018-01-05,415.0
2018-01-06,416.6666666666667
2018-01-07,417.14285714285717
2018-01-08,417.14285714285717
2018-01-09,417.14285714285717
2018-01-10,418.3333333333333
2018-01-11,416.6666666666667
2018-01-12,415.0
2018-01-13,412.5
2018-01-14,409.1666666666667
2018-01-15,409.0
2018-01-16,407.0
2018-01-17,407.5
2018-01-18,407.5
2018-01-19,407.5
2018-01-20,408.3333333333333
2018-01-21,410.0
2018-01-22,410.0
2018-01-23,409.2857142857143
2018-01-24,409.2857142857143
2018-01-25,410.0
2018-01-26,410.0
2018-01-27,410.7142857142857
2018-01-28,412.85714285714283
2018-01-29,415.0
2018-01-30,417.14285714285717
2018-01-31,418.3333333333333
2018-02-01,418.3333333333333
2018-02-02,415.0
2018-02-03,409.1666666666667
2018-02-04,402.5
2018-02-05,395.0
2018-02-06,389.1666666666667
2018-02-07,386.42857142857144
2018-02-08,377.14285714285717
2018-02-09,371.42857142857144
2018-02-10,367.14285714285717
2018-02-11,362.85714285714283
2018-02-12,360.0
2018-02-13,355.7142857142857
2018-02-14,352.85714285714283
2018-02-15,353.3333333333333
2018-02-16,355.0
2018-02-17,356.6666666666667
2018-02-18,357.5
2018-02-19,358.3333333333333
2018-02-20,364.1666666666667
2018-02-21,370.8333333333333
2018-02-22,375.0
2018-02-23,382.85714285714283
2018-02-24,390.0
2018-02-25,398.57142857142856
2018-02-26,407.14285714285717
2018-02-27,412.85714285714283
2018-02-28,416.6666666666667
2018-03-01,436.6666666666667
2018-03-02,441.0
2018-03-03,474.0
2018-03-04,512.0
2018-03-05,555.0
2018-03-06,597.0
2018-03-07,601.6666666666666
2018-03-08,620.0
2018-03-09,622.1428571428571
2018-03-10,628.5714285714286
2018-03-11,630.0
2018-03-12,627.1428571428571
2018-03-13,627.8571428571429
2018-03-14,632.8571428571429
2018-03-15,633.3333333333334
2018-03-16,648.3333333333334
2018-03-17,669.1666666666666
2018-03-18,692.5
2018-03-19,719.1666666666666
2018-03-20,742.5
2018-03-21,765.8333333333334
2018-03-22,774.2857142857143
2018-03-23,789.2857142857143
2018-03-24,801.4285714285714
2018-03-25,812.1428571428571
2018-03-26,820.7142857142857
2018-03-27,829.2857142857143
2018-03-28,835.7142857142857
2018-03-29,837.5
2018-03-30,839.0
2018-03-31,840.0
2018-04-01,841.25
2018-04-02,842.5
2018-04-03,845.0
2018-04-04,846.25
2018-04-05,848.0
2018-04-06,850.0
2018-04-07,852.1428571428571
2018-04-08,856.4285714285714
2018-04-09,860.0
2018-04-10,862.8571428571429
2018-04-11,871.4285714285714
2018-04-12,880.0
2018-04-13,888.5714285714286
2018-04-14,892.5
2018-04-15,897.0
2018-04-16,906.0
2018-04-17,914.0
2018-04-18,915.0
2018-04-19,916.0
2018-04-20,915.0
2018-04-21,915.8333333333334
2018-04-22,915.8333333333334
2018-04-23,916.0
2018-04-24,924.0
2018-04-25,932.0
2018-04-26,940.0
2018-04-27,949.0
2018-04-28,958.0
2018-04-29,959.1666666666666
2018-04-30,959.1666666666666
2018-05-01,962.5
2018-05-02,965.0
2018-05-03,968.3333333333334
2018-05-04,972.5
2018-05-05,976.6666666666666
2018-05-06,979.1666666666666
2018-05-07,979.2857142857143
2018-05-08,995.0
2018-05-09,1013.5714285714286
2018-05-10,1039.2857142857142
2018-05-11,1065.0
2018-05-12,1095.0
2018-05-13,1127.857142857143
2018-05-14,1162.142857142857
2018-05-15,1175.8333333333333
2018-05-16,1187.5
2018-05-17,1190.0
2018-05-18,1192.5
2018-05-19,1190.0
2018-05-20,1185.0
2018-05-21,1179.1666666666667
2018-05-22,1179.2857142857142
2018-05-23,1180.7142857142858
2018-05-24,1182.142857142857
2018-05-25,1182.142857142857
2018-05-26,1182.142857142857
2018-05-27,1182.142857142857
2018-05-28,1181.4285714285713
2018-05-29,1182.857142857143
2018-05-30,1184.2857142857142
2018-05-31,1184.1666666666667
2018-06-01,1186.6666666666667
2018-06-02,1188.3333333333333
2018-06-03,1190.0
2018-06-04,1191.6666666666667
2018-06-05,1193.3333333333333
2018-06-06,1195.8333333333333
2018-06-07,1197.857142857143
2018-06-08,1200.7142857142858
2018-06-09,1204.2857142857142
2018-06-10,1209.2857142857142
2018-06-11,1213.5714285714287
2018-06-12,1216.4285714285713
2018-06-13,1217.142857142857
2018-06-14,1222.857142857143
2018-06-15,1224.1666666666667
2018-06-16,1225.0
2018-06-17,1228.0
2018-06-18,1233.0
2018-06-19,1239.0
2018-06-20,1247.0
2018-06-21,1249.0
2018-06-22,1252.5
2018-06-23,1257.857142857143
2018-06-24,1264.2857142857142
2018-06-25,1270.7142857142858
2018-06-26,1277.857142857143
2018-06-27,1285.0
2018-06-28,1292.142857142857
2018-06-29,1297.857142857143
2018-06-30,1299.1666666666667
2018-07-01,1303.3333333333333
2018-07-02,1308.3333333333333
2018-07-03,1308.3333333333333
2018-07-04,1308.3333333333333
2018-07-05,1306.6666666666667
2018-07-06,1306.6666666666667
2018-07-07,1305.7142857142858
2018-07-08,1310.0
2018-07-09,1315.7142857142858
2018-07-10,1325.0
2018-07-11,1332.142857142857
2018-07-12,1337.857142857143
2018-07-13,1343.5714285714287
2018-07-14,1350.7142857142858
2018-07-15,1352.5
2018-07-16,1349.1666666666667
2018-07-17,1346.0
2018-07-18,1345.0
2018-07-19,1349.0
2018-07-20,1352.0
2018-07-21,1354.0
2018-07-22,1353.3333333333333
2018-07-23,1355.0
2018-07-24,1355.0
2018-07-25,1355.7142857142858
2018-07-26,1354.2857142857142
2018-07-27,1353.5714285714287
2018-07-28,1359.2857142857142
2018-07-29,1366.4285714285713
2018-07-30,1372.142857142857
2018-07-31,1375.0
2018-08-01,1381.6666666666667
2018-08-02,1386.6666666666667
2018-08-03,1390.0
2018-08-04,1386.6666666666667
2018-08-05,1381.6666666666667
2018-08-06,1383.3333333333333
2018-08-07,1385.7142857142858
2018-08-08,1388.5714285714287
2018-08-09,1394.2857142857142
2018-08-10,1397.142857142857
2018-08-11,1398.5714285714287
2018-08-12,1401.4285714285713
2018-08-13,1398.5714285714287
2018-08-14,1391.4285714285713
2018-08-15,1388.3333333333333
2018-08-16,1382.0
2018-08-17,1372.0
2018-08-18,1365.0
2018-08-19,1359.0
2018-08-20,1357.0
2018-08-21,1362.0
2018-08-22,1365.0
2018-08-23,1367.142857142857
2018-08-24,1370.7142857142858
2018-08-25,1373.5714285714287
2018-08-26,1375.0
2018-08-27,1375.0
2018-08-28,1374.2857142857142
2018-08-29,1372.857142857143
2018-08-30,1368.5714285714287
2018-08-31,1367.5
2018-09-01,1361.6666666666667
2018-09-02,1356.6666666666667
2018-09-03,1350.0
2018-09-04,1342.5
2018-09-05,1335.0
2018-09-06,1326.6666666666667
2018-09-07,1322.857142857143
2018-09-08,1318.5714285714287
2018-09-09,1314.2857142857142
2018-09-10,1310.0
2018-09-11,1310.0
2018-09-12,1309.2857142857142
2018-09-13,1310.7142857142858
2018-09-14,1310.7142857142858
2018-09-15,1310.8333333333333
2018-09-16,1310.8333333333333
2018-09-17,1310.8333333333333
2018-09-18,1306.6666666666667
2018-09-19,1298.3333333333333
2018-09-20,1290.0
2018-09-21,1283.3333333333333
2018-09-22,1280.0
2018-09-23,1277.142857142857
2018-09-24,1278.5714285714287
2018-09-25,1281.4285714285713
2018-09-26,1289.2857142857142
2018-09-27,1298.5714285714287
2018-09-28,1307.142857142857
2018-09-29,1315.7142857142858
2018-09-30,1320.0
2018-10-01,1330.8333333333333
2018-10-02,1339.1666666666667
2018-10-03,1346.6666666666667
2018-10-04,1349.1666666666667
2018-10-05,1349.1666666666667
2018-10-06,1349.1666666666667
2018-10-07,1352.142857142857
2018-10-08,1355.0
2018-10-09,1362.142857142857
2018-10-10,1372.142857142857
2018-10-11,1387.857142857143
2018-10-12,1406.4285714285713
2018-10-13,1426.4285714285713
2018-10-14,1440.7142857142858
2018-10-15,1448.3333333333333
2018-10-16,1457.5
2018-10-17,1464.1666666666667
2018-10-18,1468.3333333333333
2018-10-19,1471.6666666666667
2018-10-20,1936.6666666666667
2018-10-21,1935.8333333333333
2018-10-22,1869.2857142857142
2018-10-23,1867.142857142857
2018-10-24,1864.2857142857142
2018-10-25,1865.0
2018-10-26,1869.2857142857142
2018-10-27,1476.4285714285713
2018-10-28,1481.4285714285713
2018-10-29,1485.7142857142858
2018-10-30,1491.4285714285713
2018-10-31,1496.6666666666667
2018-11-01,1503.3333333333333
2018-11-02,1506.6666666666667
2018-11-03,1510.8333333333333
2018-11-04,1514.1666666666667
2018-11-05,1518.3333333333333
2018-11-06,1521.6666666666667
2018-11-07,1521.4285714285713
2018-11-08,1521.6666666666667
2018-11-09,1521.6666666666667
2018-11-10,1521.6666666666667
2018-11-11,1521.6666666666667
2018-11-12,1521.6666666666667
2018-11-13,1501.6666666666667
2018-11-14,1476.6666666666667
2018-11-15,1476.6666666666667
2018-11-16,1448.3333333333333
2018-11-17,1417.5
2018-11-18,1387.5
2018-11-19,1357.5
2018-11-20,1349.1666666666667
2018-11-21,1329.1666666666667
2018-11-22,1310.7142857142858
2018-11-23,1282.142857142857
2018-11-24,1252.142857142857
2018-11-25,1220.7142857142858
2018-11-26,1185.7142857142858
2018-11-27,1150.0
2018-11-28,1129.2857142857142
2018-11-29,1115.0
2018-11-30,1109.1666666666667
2018-12-01,1104.1666666666667
2018-12-02,1095.8333333333333
2018-12-03,1087.5
2018-12-04,1077.5
2018-12-05,1056.6666666666667
2018-12-06,1023.3333333333334
2018-12-07,1004.2857142857143
2018-12-08,972.8571428571429
2018-12-09,945.7142857142857
2018-12-10,922.1428571428571
2018-12-11,897.8571428571429
2018-12-12,883.5714285714286
2018-12-13,880.0
2018-12-14,867.1428571428571
2018-12-15,865.0
2018-12-16,853.3333333333334
2018-12-17,839.1666666666666
2018-12-18,827.5
2018-12-19,804.1666666666666
2018-12-20,765.0
2018-12-21,739.1666666666666
2018-12-22,719.2857142857143
2018-12-23,689.2857142857143
2018-12-24,660.7142857142857
2018-12-25,632.1428571428571
2018-12-26,612.1428571428571
2018-12-27,606.4285714285714
2018-12-28,595.7142857142857
2018-12-29,592.1428571428571
2018-12-30,590.8333333333334
2018-12-31,589.0
2019-01-01,582.0
2019-01-02,576.0
2019-01-03,572.0
2019-01-04,574.0
2019-01-05,576.0
2019-01-06,577.5
2019-01-07,577.8571428571429
2019-01-08,580.7142857142857
2019-01-09,582.1428571428571
2019-01-10,577.8571428571429
2019-01-11,572.1428571428571
2019-01-12,557.1428571428571
2019-01-13,540.7142857142857
2019-01-14,526.4285714285714
2019-01-15,516.6666666666666
2019-01-16,506.6666666666667
2019-01-17,502.5
2019-01-18,499.1666666666667
2019-01-19,505.8333333333333
2019-01-20,515.0
2019-01-21,522.5
2019-01-22,526.4285714285714
2019-01-23,529.2857142857143
2019-01-24,532.8571428571429
2019-01-25,537.8571428571429
2019-01-26,542.1428571428571
2019-01-27,547.1428571428571
2019-01-28,552.1428571428571
2019-01-29,552.1428571428571
2019-01-30,553.5714285714286
2019-01-31,554.1666666666666
2019-02-01,555.0
2019-02-02,556.6666666666666
2019-02-03,556.6666666666666
2019-02-04,557.5
2019-02-05,560.8333333333334
2019-02-06,565.0
2019-02-07,567.1428571428571
2019-02-08,570.0
2019-02-09,574.2857142857143
2019-02-10,578.5714285714286
2019-02-11,581.4285714285714
2019-02-12,582.8571428571429
2019-02-13,585.0
2019-02-14,585.0
2019-02-15,585.8333333333334
2019-02-16,584.1666666666666
2019-02-17,583.3333333333334
2019-02-18,584.1666666666666
2019-02-19,585.0
2019-02-20,583.75
2019-02-21,588.75
2019-02-22,592.0
2019-02-23,598.0
2019-02-24,603.0
2019-02-25,606.0
2019-02-26,606.6666666666666
2019-02-27,606.4285714285714
2019-02-28,607.5
2019-03-01,606.6666666666666
2019-03-02,605.0
2019-03-03,603.3333333333334
2019-03-04,604.1666666666666
2019-03-05,604.1666666666666
2019-03-06,603.3333333333334
2019-03-07,605.0
2019-03-08,607.1428571428571
2019-03-09,610.0
2019-03-10,612.8571428571429
2019-03-11,612.8571428571429
2019-03-12,615.0
2019-03-13,617.8571428571429
2019-03-14,619.2857142857143
2019-03-15,620.0
2019-03-16,621.6666666666666
2019-03-17,624.1666666666666
2019-03-18,628.3333333333334
2019-03-19,630.0
2019-03-20,631.6666666666666
2019-03-21,633.0
2019-03-22,634.1666666666666
2019-03-23,635.8333333333334
2019-03-24,638.3333333333334
2019-03-25,640.8333333333334
2019-03-26,643.3333333333334
2019-03-27,645.0
2019-03-28,642.8571428571429
2019-03-29,642.1428571428571
2019-03-30,642.1428571428571
2019-03-31,640.8333333333334
2019-04-01,636.6666666666666
2019-04-02,631.6666666666666
2019-04-03,626.6666666666666
2019-04-04,624.1666666666666
2019-04-05,620.0
2019-04-06,613.3333333333334
2019-04-07,611.4285714285714
2019-04-08,609.2857142857143
2019-04-09,608.5714285714286
2019-04-10,609.2857142857143
2019-04-11,608.3333333333334
2019-04-12,608.3333333333334
2019-04-13,621.6666666666666
2019-04-14,636.6666666666666
2019-04-15,642.0
2019-04-16,655.0
2019-04-17,668.0
2019-04-18,670.8333333333334
2019-04-19,683.3333333333334
2019-04-20,685.0
2019-04-21,689.1666666666666
2019-04-22,693.5714285714286
2019-04-23,700.0
2019-04-24,712.8571428571429
2019-04-25,727.8571428571429
2019-04-26,748.5714285714286
2019-04-27,767.8571428571429
2019-04-28,782.8571428571429
2019-04-29,797.1428571428571
2019-04-30,809.1666666666666
2019-05-01,822.5
2019-05-02,831.6666666666666
2019-05-03,833.3333333333334
2019-05-04,836.6666666666666
2019-05-05,841.6666666666666
2019-05-06,846.6666666666666
2019-05-07,844.2857142857143
2019-05-08,840.0
2019-05-09,840.7142857142857
2019-05-10,845.7142857142857
2019-05-11,849.2857142857143
2019-05-12,852.1428571428571
2019-05-13,856.4285714285714
2019-05-14,862.1428571428571
2019-05-15,869.1666666666666
2019-05-16,872.5
2019-05-17,875.0
2019-05-18,876.6666666666666
2019-05-19,878.3333333333334
2019-05-20,879.1666666666666
2019-05-21,881.6666666666666
2019-05-22,881.4285714285714
2019-05-23,882.1428571428571
2019-05-24,880.7142857142857
2019-05-25,880.8333333333334
2019-05-26,882.5
2019-05-27,882.5
2019-05-28,883.3333333333334
2019-05-29,886.6666666666666
2019-05-30,895.0
2019-05-31,898.0
2019-06-01,905.8333333333334
2019-06-02,915.8333333333334
2019-06-03,926.6666666666666
2019-06-04,936.6666666666666
2019-06-05,944.0
2019-06-06,951.0
2019-06-07,953.3333333333334
2019-06-08,957.5
2019-06-09,960.0
2019-06-10,962.5
2019-06-11,964.1666666666666
2019-06-12,963.5714285714286
2019-06-13,962.1428571428571
2019-06-14,961.4285714285714
2019-06-15,960.0
2019-06-16,959.1666666666666
2019-06-17,958.3333333333334
2019-06-18,959.1666666666666
2019-06-19,960.8333333333334
2019-06-20,965.0
2019-06-21,955.0
2019-06-22,945.7142857142857
2019-06-23,935.0
2019-06-24,923.5714285714286
2019-06-25,911.4285714285714
2019-06-26,900.0
2019-06-27,887.8571428571429
2019-06-28,885.7142857142857
2019-06-29,885.7142857142857
2019-06-30,885.8333333333334
2019-07-01,887.5
2019-07-02,890.0
2019-07-03,890.0
2019-07-04,890.0
2019-07-05,892.5
2019-07-06,895.8333333333334
2019-07-07,896.4285714285714
2019-07-08,897.8571428571429
2019-07-09,898.5714285714286
2019-07-10,898.5714285714286
2019-07-11,898.5714285714286
2019-07-12,897.1428571428571
2019-07-13,895.7142857142857
2019-07-14,895.7142857142857
2019-07-15,895.0
2019-07-16,895.0
2019-07-17,896.6666666666666
2019-07-18,901.6666666666666
2019-07-19,906.6666666666666
2019-07-20,910.8333333333334
2019-07-21,915.0
2019-07-22,915.7142857142857
2019-07-23,919.2857142857143
2019-07-24,925.0
2019-07-25,927.8571428571429
2019-07-26,930.7142857142857
2019-07-27,933.5714285714286
2019-07-28,935.0
2019-07-29,937.1428571428571
2019-07-30,937.8571428571429
2019-07-31,937.5
2019-08-01,935.8333333333334
2019-08-02,932.5
2019-08-03,930.0
2019-08-04,929.0
2019-08-05,929.0
2019-08-06,928.75
2019-08-07,931.0
2019-08-08,934.0
2019-08-09,938.0
2019-08-10,938.0
2019-08-11,940.0
2019-08-12,941.25
2019-08-13,943.0
2019-08-14,945.0
2019-08-15,945.0
2019-08-16,943.75
2019-08-17,943.0
2019-08-18,943.0
2019-08-19,943.3333333333334
2019-08-20,943.3333333333334
2019-08-21,943.3333333333334
2019-08-22,946.4285714285714
2019-08-23,950.0
2019-08-24,952.8571428571429
2019-08-25,956.4285714285714
2019-08-26,960.0
2019-08-27,957.1428571428571
2019-08-28,954.2857142857143
2019-08-29,950.0
2019-08-30,946.4285714285714
2019-08-31,944.1666666666666
2019-09-01,940.0
2019-09-02,935.0
2019-09-03,936.6666666666666
2019-09-04,931.6666666666666
2019-09-05,925.8333333333334
2019-09-06,920.0
2019-09-07,918.5714285714286
2019-09-08,912.8571428571429
2019-09-09,907.1428571428571
2019-09-10,897.1428571428571
2019-09-11,891.4285714285714
2019-09-12,880.0
2019-09-13,865.7142857142857
2019-09-14,858.3333333333334
2019-09-15,850.0
2019-09-16,837.5
2019-09-17,820.0
2019-09-18,805.0
2019-09-19,800.0
2019-09-20,802.5
2019-09-21,804.0
2019-09-22,805.0
2019-09-23,804.2857142857143
2019-09-24,804.2857142857143
2019-09-25,804.2857142857143
2019-09-26,804.2857142857143
2019-09-27,804.2857142857143
2019-09-28,804.2857142857143
2019-09-29,805.7142857142857
2019-09-30,806.6666666666666
2019-10-01,810.0
2019-10-02,810.0
2019-10-03,810.0
2019-10-04,808.3333333333334
2019-10-05,806.6666666666666
2019-10-06,803.3333333333334
2019-10-07,803.3333333333334
2019-10-08,800.0
2019-10-09,800.0
2019-10-10,792.0
2019-10-11,786.0
2019-10-12,780.0
2019-10-13,776.0
2019-10-14,775.0
2019-10-15,770.0
2019-10-16,775.0
2019-10-17,781.6666666666666
2019-10-18,786.6666666666666
2019-10-19,791.6666666666666
2019-10-20,795.0
2019-10-21,800.0
2019-10-22,801.4285714285714
2019-10-23,808.5714285714286
2019-10-24,815.7142857142857
2019-10-25,824.2857142857143
2019-10-26,832.8571428571429
2019-10-27,841.4285714285714
2019-10-28,848.3333333333334
2019-10-29,871.6666666666666
2019-10-30,888.3333333333334
2019-10-31,896.0
2019-11-01,948.0
2019-11-02,1012.0
2019-11-03,1072.0
2019-11-04,1085.0
2019-11-05,1118.3333333333333
2019-11-06,1153.3333333333333
2019-11-07,1154.2857142857142
2019-11-08,1158.5714285714287
2019-11-09,1152.857142857143
2019-11-10,1150.7142857142858
2019-11-11,1149.2857142857142
2019-11-12,1152.142857142857
2019-11-13,1155.0
2019-11-14,1158.5714285714287
2019-11-15,1160.0
2019-11-16,1167.5
2019-11-17,1151.6666666666667
2019-11-18,1128.3333333333333
2019-11-19,1100.0
2019-11-20,1068.3333333333333
2019-11-21,1037.5
2019-11-22,1030.7142857142858
2019-11-23,1021.4285714285714
2019-11-24,1032.857142857143
2019-11-25,1054.2857142857142
2019-11-26,1074.2857142857142
2019-11-27,1095.7142857142858
2019-11-28,1116.4285714285713
2019-11-29,1157.857142857143
2019-11-30,1164.1666666666667
2019-12-01,1195.8333333333333
2019-12-02,1230.8333333333333
2019-12-03,1284.1666666666667
2019-12-04,1339.1666666666667
2019-12-05,1391.6666666666667
2019-12-06,1422.5
2019-12-07,1429.2857142857142
2019-12-08,1447.5
2019-12-09,1465.0
2019-12-10,1473.0
2019-12-11,1481.0
2019-12-12,1495.0
2019-12-13,1508.0
2019-12-14,1521.0
2019-12-15,1521.0
2019-12-16,1524.1666666666667
2019-12-17,1530.0
2019-12-18,1570.0
2019-12-19,1618.3333333333333
2019-12-20,1663.3333333333333
2019-12-21,1707.5
2019-12-22,1720.7142857142858
2019-12-23,1757.857142857143
2019-12-24,1797.142857142857
2019-12-25,1798.5714285714287
2019-12-26,1781.4285714285713
2019-12-27,1767.142857142857
2019-12-28,1752.857142857143
2019-12-29,1731.4285714285713
2019-12-30,1702.857142857143
2019-12-31,1685.0
2020-01-01,1651.6666666666667
2020-01-02,1626.6666666666667
2020-01-03,1600.0
2020-01-04,1566.6666666666667
2020-01-05,1541.6666666666667
2020-01-06,1523.3333333333333
2020-01-07,1512.857142857143
2020-01-08,1498.5714285714287
2020-01-09,1484.2857142857142
2020-01-10,1471.4285714285713
2020-01-11,1460.0
2020-01-12,1448.5714285714287
2020-01-13,1435.7142857142858
2020-01-14,1428.5714285714287
2020-01-15,1423.3333333333333
2020-01-16,1415.0
2020-01-17,1406.6666666666667
2020-01-18,1400.0
2020-01-19,1394.1666666666667
2020-01-20,1391.6666666666667
2020-01-21,1388.3333333333333
2020-01-22,1385.7142857142858
2020-01-23,1380.0
2020-01-24,1375.0
2020-01-25,1372.142857142857
2020-01-26,1365.7142857142858
2020-01-27,1356.4285714285713
2020-01-28,1348.5714285714287
2020-01-29,1341.4285714285713
2020-01-30,1336.4285714285713
2020-01-31,1331.6666666666667
2020-02-01,1315.0
2020-02-02,1301.6666666666667
2020-02-03,1292.5
2020-02-04,1281.6666666666667
2020-02-05,1274.0
2020-02-06,1249.0
2020-02-07,1237.5
2020-02-08,1223.3333333333333
2020-02-09,1208.3333333333333
2020-02-10,1192.5
2020-02-11,1172.5
2020-02-12,1155.0
2020-02-13,1133.5714285714287
2020-02-14,1116.4285714285713
2020-02-15,1106.6666666666667
2020-02-16,1089.1666666666667
2020-02-17,1070.8333333333333
2020-02-18,1057.0
2020-02-19,1059.0
2020-02-20,1063.0
2020-02-21,1063.0
2020-02-22,1060.8333333333333
2020-02-23,1058.3333333333333
2020-02-24,1056.6666666666667
2020-02-25,1054.2857142857142
2020-02-26,1050.0
2020-02-27,1044.2857142857142
2020-02-28,1039.2857142857142
2020-02-29,1037.5
2020-03-01,1037.5
2020-03-02,1037.5
2020-03-03,1064.1666666666667
2020-03-04,1095.8333333333333
2020-03-05,1128.3333333333333
2020-03-06,1162.5
2020-03-07,1182.142857142857
2020-03-08,1217.857142857143
2020-03-09,1253.5714285714287
2020-03-10,1262.5
2020-03-11,1275.8333333333333
2020-03-12,1308.3333333333333
2020-03-13,1345.0
2020-03-14,1371.6666666666667
2020-03-15,1386.0
2020-03-16,1419.0
2020-03-17,1422.5
2020-03-18,1446.6666666666667
2020-03-19,1452.0
2020-03-20,1450.0
2020-03-21,1446.0
2020-03-22,1446.0
2020-03-23,1441.25
2020-03-24,1441.6666666666667
2020-03-25,1440.0
2020-03-26,1440.0
2020-03-27,1448.4957620817843
2020-03-28,1469.8872862453532
2020-03-29,1498.0309293680298
2020-03-30,1524.015464684015
2020-03-31,1550.0
2020-04-01,1566.6666666666667
2020-04-02,1587.5
2020-04-03,1610.0
2020-04-04,1628.3333333333333
2020-04-05,1638.5714285714287
2020-04-06,1652.857142857143
2020-04-07,1681.4285714285713
2020-04-08,1684.2857142857142
2020-04-09,1680.7142857142858
2020-04-10,1670.0
2020-04-11,1657.142857142857
2020-04-12,1645.7142857142858
2020-04-13,1634.2857142857142
2020-04-14,1622.142857142857
2020-04-15,1616.4285714285713
2020-04-16,1607.142857142857
2020-04-17,1597.857142857143
2020-04-18,1592.5
2020-04-19,1587.0
2020-04-20,1567.0
2020-04-21,1549.0
2020-04-22,1538.0
2020-04-23,1526.0
2020-04-24,1517.5
2020-04-25,1530.0
2020-04-26,1539.1666666666667
2020-04-27,1550.0
2020-04-28,1562.5
2020-04-29,1575.0
2020-04-30,1590.0
2020-05-01,1591.6666666666667
2020-05-02,1595.0
2020-05-03,1599.1666666666667
2020-05-04,1603.3333333333333
2020-05-05,1603.3333333333333
2020-05-06,1601.6666666666667
2020-05-07,1598.5714285714287
2020-05-08,1595.7142857142858
2020-05-09,1592.142857142857
2020-05-10,1587.142857142857
2020-05-11,1581.4285714285713
2020-05-12,1578.5714285714287
2020-05-13,1580.0
2020-05-14,1582.857142857143
2020-05-15,1585.7142857142858
2020-05-16,1589.2857142857142
2020-05-17,1578.5714285714287
2020-05-18,1568.5714285714287
2020-05-19,1557.142857142857
2020-05-20,1550.0
2020-05-21,1540.0
2020-05-22,1525.0
2020-05-23,1500.0
2020-05-24,1500.0
2020-05-25,1500.7693016399483
2020-05-26,1502.9703335175973
2020-05-27,1506.4427860696517
2020-05-28,1512.8689883913764
2020-05-29,1519.2951907131012
2020-05-30,1525.7213930348257
2020-05-31,1532.1475953565505
2020-06-01,1538.5737976782752
2020-06-02,1545.0
2020-06-03,1556.6666666666667
2020-06-04,1563.75
2020-06-05,1567.0
2020-06-06,1569.1666666666667
2020-06-07,1576.4285714285713
2020-06-08,1590.7142857142858
2020-06-09,1596.4285714285713
2020-06-10,1602.857142857143
2020-06-11,1609.2857142857142
2020-06-12,1615.0
2020-06-13,1621.4285714285713
2020-06-14,1621.4285714285713
2020-06-15,1621.6666666666667
2020-06-16,1623.3333333333333
2020-06-17,1623.3333333333333
2020-06-18,1621.6666666666667
2020-06-19,1621.6666666666667
2020-06-20,1620.0
2020-06-21,1620.0
2020-06-22,1636.6666666666667
2020-06-23,1658.3333333333333
2020-06-24,1695.8333333333333
2020-06-25,1734.1666666666667
2020-06-26,1770.8333333333333
2020-06-27,1808.3333333333333
2020-06-28,1808.3333333333333
2020-06-29,1845.0
2020-06-30,1880.0
2020-07-01,1896.6666666666667
2020-07-02,1911.6666666666667
2020-07-03,1928.3333333333333
2020-07-04,1945.8333333333333
2020-07-05,1945.8333333333333
2020-07-06,1947.0
2020-07-07,1947.0
2020-07-08,1950.0
2020-07-09,1954.0
2020-07-10,1958.0
2020-07-11,1961.25
2020-07-12,1961.25
2020-07-13,1957.0
2020-07-14,1965.0
2020-07-15,1972.0
2020-07-16,1980.0
2020-07-17,1988.0
2020-07-18,1988.3333333333333
2020-07-19,1988.5714285714287
2020-07-20,1995.0
2020-07-21,2006.4285714285713
2020-07-22,2017.142857142857
2020-07-23,2027.857142857143
2020-07-24,2037.857142857143
2020-07-25,2047.857142857143
2020-07-26,2057.8571428571427
2020-07-27,2067.1428571428573
2020-07-28,2064.285714285714
2020-07-29,2062.1428571428573
2020-07-30,2062.8571428571427
2020-07-31,2063.5714285714284
2020-08-01,2064.1666666666665
2020-08-02,2067.5
2020-08-03,2070.8333333333335
2020-08-04,2072.5
2020-08-05,2079.1666666666665
2020-08-06,2082.5
2020-08-07,2085.0
2020-08-08,2084.285714285714
2020-08-09,2084.285714285714
2020-08-10,2086.4285714285716
2020-08-11,2090.714285714286
2020-08-12,2089.1666666666665
2020-08-13,2087.0
2020-08-14,2093.0
2020-08-15,2099.0
2020-08-16,2107.0
2020-08-17,2114.0
2020-08-18,2119.0
2020-08-19,2120.8333333333335
2020-08-20,2122.8571428571427
2020-08-21,2125.714285714286
2020-08-22,2130.0
2020-08-23,2132.8571428571427
2020-08-24,2134.285714285714
2020-08-25,2134.285714285714
2020-08-26,2132.8571428571427
2020-08-27,2129.285714285714
2020-08-28,2137.8571428571427
2020-08-29,2149.285714285714
2020-08-30,2162.1428571428573
2020-08-31,2167.5
2020-09-01,2183.3333333333335
2020-09-02,2221.6666666666665
2020-09-03,2261.6666666666665
2020-09-04,2281.6666666666665
2020-09-05,2298.3333333333335
2020-09-06,2313.3333333333335
2020-09-07,2315.0
2020-09-08,2330.714285714286
2020-09-09,2327.8571428571427
2020-09-10,2324.285714285714
2020-09-11,2324.285714285714
2020-09-12,2327.1428571428573
2020-09-13,2330.0
2020-09-14,2333.5714285714284
2020-09-15,2334.1666666666665
2020-09-16,2335.8333333333335
2020-09-17,2336.6666666666665
2020-09-18,2341.6666666666665
2020-09-19,2344.1666666666665
2020-09-20,2354.1666666666665
2020-09-21,2362.5
2020-09-22,2367.8571428571427
2020-09-23,2377.8571428571427
2020-09-24,2389.285714285714
2020-09-25,2395.8333333333335
2020-09-26,2404.0
2020-09-27,2405.0
2020-09-28,2406.6666666666665
2020-09-29,2410.0
2020-09-30,2414.444444444445
>>>>>>> 6ac9248b3ef33a88bcb4b748e11d3743f40f9979
